{
  "hero": "assets/img/hero-placeholder.svg",
  "items": [
    {
      "src": "assets/img/factory-01.svg",
      "caption": "工廠環境（示意）"
    },
    {
      "src": "assets/img/factory-02.svg",
      "caption": "設備與作業（示意）"
    },
    {
      "src": "assets/img/tape-01.svg",
      "caption": "膠帶產品（示意）"
    },
    {
      "src": "assets/img/tape-02.svg",
      "caption": "膠帶細節（示意）"
    },
    {
      "src": "assets/img/factory-01.svg",
      "caption": "工廠照片（示意，可重複）"
    },
    {
      "src": "assets/img/tape-01.svg",
      "caption": "產品照片（示意，可重複）"
    }
  ]
}